Statistic	df	sum_sq	mean_sq	F	pval
Total      	1	53.0180428817563	53.0180428817563	2.33783316778748	0.126771008798406
Method     	2	1962.39202300394	981.196011501971	43.2658856326706	2.52224707194957e-18
Iteration  	1	26.240092957388	26.240092957388	1.15705816939383	0.28249154220035
Residuals  	625	14173.9270610391	22.6782832976625		
