Total	Median_Delta_Err	Mean_Delta_Err	SD_Delta_Err	Median_Frac_Delta	Mean_Frac_Delta	SD_Frac_Delta
3	-0.000909968257270786	-0.00452218569958578	0.0108788069660106	-0.0968584621020964	0.919405171124725	5.11240370848229
10	-0.000491262779173716	-0.00217410214369893	0.0174774613154836	-0.061346611500968	493.172273816434	6041.70262642415
25	-0.000810834138116884	-0.00545629953350103	0.0196373518225459	-0.0512133154752113	5.17262811309096	81.7065656124294
50	-0.000592377669444362	-0.00307329556548312	0.0292281104557234	-0.0527713529149037	12.9431342603083	389.229751160643
100	-0.000307378729844842	-0.00247522959610613	0.0131074244303497	-0.0369432297542018	6.64760838650758	188.753882097104
250	-0.000223707116472001	-0.00214535956373617	0.00962827238026982	-0.0181479331332027	4.01865905546037	136.643515940373
500	-8.2386461489036e-05	-0.00112390134134985	0.006484625654801	-0.00757015783389623	1286.69773888915	157002.764183699
