Total	t	p	shift	q
3	3.50879767143789	0.000744793456858822	0.134788811450137	0.00130338854950294
10	1.82264727161853	0.0393416100209043	0.0650258170324396	0.0393416100209043
25	2.97777891330383	0.00290613106136824	0.226822723332482	0.00406858348591554
50	2.37131244372338	0.0122915096244376	0.10551995329054	0.0143400945618438
100	5.45098810300134	3.62381222336668e-06	0.0881188995044052	1.26833427817834e-05
250	7.10659923275277	4.03576894065411e-08	0.0772539268282636	2.82503825845788e-07
500	4.59684166757837	3.88366065452896e-05	0.029482566548544	9.06187486056756e-05
