Test_Condition	MSE	SE_SD
Balanced	0.0258303784655754	0.151785721699936
Unbalanced OLS	0.0780546982781016	0.465372268324091
Unbalanced JS	0.0772440430468119	0.460337560216586
