target_id	pval	qval	b	se_b	mean_obs	var_obs	tech_var	sigma_sq	smooth_sigma_sq	final_sigma_sq
YDR174W_mRNA	0.967431358263	0.981525232367191	-0.00352386682294488	0.086305653720369	7.47087891540558	0.0020154289334817	0.000516331367633339	0.0020003677914302	0.00569089018578354	0.00569089018578354
YEL023C_mRNA	0.000227658171079915	0.00165919863444677	0.410562551339364	0.111379299512748	5.49149023834017	0.036144615953766	0.00418238241872006	0.00588138573967753	0.00615540788123867	0.00615540788123867
YFR022W_mRNA	0.918512440374717	0.957902240728805	0.0112973662676585	0.110425371795264	5.87804018421168	0.00815044690484598	0.00249585780043563	0.00766561114633301	0.0049486651285464	0.00766561114633301
