target_id	pval	qval	b	se_b	mean_obs	var_obs	tech_var	sigma_sq	smooth_sigma_sq	final_sigma_sq
YML097C_mRNA	0.40187157403919	0.785102501923961	-0.14661751574783	0.174902092965014	5.11775601750898	0.0395561106350618	0.0058810366410824	0.0355028406812201	0.0400050765442311	0.0400050765442311
YMR097C_mRNA	0.0295678182611264	0.228597730655966	0.406812640908703	0.186968766048742	5.23053628764179	0.0915977408142807	0.00549218914146772	0.0469437900752159	0.0382552769286577	0.0469437900752159
YOR299W_mRNA	0.945030327657754	0.985636859205547	0.0108475432134865	0.15732737956478	6.70530234600112	0.00907208508680643	0.00124894550252108	0.0100470349083239	0.0358789110385594	0.0358789110385594
