target_id	W	pval	qval	b	se_b	mean_obs
YDL080C_mRNA	3.0708919774638	0.0797057271765164	0.239117181529549	-0.193046480980796	0.110161443841781	6.10415965414958
YLR084C_mRNA	0.90784136109127	0.340687818601187	0.340687818601187	-0.078033146251496	0.0818981582171471	6.09081843497735
YMR186W_mRNA	1.3715650119481	0.24154317492731	0.340687818601187	-0.133696454006046	0.114159403218075	9.46217106816196
