target_id	W	pval	qval	b	se_b	mean_obs
YIL101C_mRNA	8.74809327651821	0.00309925936462709	0.00929777809388126	-0.48658909995191	0.164515065070316	6.41365190366065
YML027W_mRNA	2.6346584975212	0.10455454045756	0.15683181068634	0.305236013982055	0.188050117195889	4.6560741834586
YPL067C_mRNA	0.410501266504886	0.521715191890421	0.521715191890421	0.0980753156277643	0.153074364030611	5.39449895391521
