target_id	W	pval	qval	b	se_b	mean_obs
YCR008W_mRNA	0.23066627291963	0.631030236680676	0.631030236680676	-0.0818392424949178	0.170399984799136	6.66867270092658
YIR019C_mRNA	6.11370843729648	0.0134137392773025	0.0402412178319075	0.261622208748125	0.105808911388151	5.12557537006837
YKL091C_mRNA	0.820894438052943	0.364918782922245	0.547378174383368	-0.10180428719674	0.11236276324153	6.09259896928673
