target_id	W	pval	qval	b	se_b	mean_obs
YDR011W_mRNA	38.5867669156916	5.23728138682992e-10	7.85592208024487e-10	-0.885436237693078	0.142540440391837	7.08660661042387
YDR077W_mRNA	189.863011881741	3.40590589853817e-43	1.02177176956145e-42	-2.26808813237672	0.164603756858342	8.60013755122468
YOR308C_mRNA	35.9503775246865	2.02407153617167e-09	2.02407153617167e-09	-0.49950683193549	0.0833085748121728	4.64598064123418
