target_id	pval	qval	b	se_b	mean_obs	var_obs	tech_var	sigma_sq	smooth_sigma_sq	final_sigma_sq
YDL080C_mRNA	0.0508996977046416	0.152997227658521	-0.223670625701318	0.114566319628459	6.10415965414958	0.014949208166766	0.00244101427530558	0.00582288159948118	0.00849685371903635	0.00849685371903635
YLR084C_mRNA	0.585810537068533	0.758985651079153	-0.0904120218034474	0.165918856898751	6.09081843497735	0.0197151003308234	0.00218096852769192	0.0207599207011317	0.00851505920341019	0.0207599207011317
YMR186W_mRNA	0.390551486422124	0.59882128462672	-0.15490554072599	0.180412710149919	9.46217106816196	0.0256984517470283	7.1216390354875e-05	0.0270527385960109	0.0133563216367576	0.0270527385960109
