target_id	pval	qval	b	se_b	mean_obs	var_obs	tech_var	sigma_sq	smooth_sigma_sq	final_sigma_sq
YIL101C_mRNA	0.0230429257352451	0.0799757309268385	-0.541610407048214	0.238309110597084	6.41365190366065	0.086751126966205	0.00174364740380578	0.0455823794241719	0.00889850858187522	0.0455823794241719
YML027W_mRNA	0.0719645648351328	0.181415390633825	0.339750729712058	0.188819407253013	4.6560741834586	0.043006938760232	0.00914258010362298	0.020568060359193	0.0160920170820538	0.020568060359193
YPL067C_mRNA	0.624519843122603	0.766003017728992	0.109165231247032	0.223034407715828	5.39449895391521	0.0351490726356362	0.0047245440623877	0.0367290784585706	0.010977029833903	0.0367290784585706
