target_id	W	pval	qval	b	se_b	mean_obs
YBR148W_mRNA	7.77737961617235	0.00529044805888713	0.0158713441766614	0.91484076976198	0.328041554994465	3.54058385192193
YMR193W_mRNA	0.0120307805608438	0.912659264375472	0.912659264375472	0.032043687229152	0.292143065003439	4.99288239692781
YOL094C_mRNA	3.12213254032373	0.0772356431440601	0.11585346471609	-0.369865535342056	0.209323600892159	5.38298683923221
