target_id	W	pval	qval	b	se_b	mean_obs
YAL013W_mRNA	0.653414696306004	0.418894475676462	0.418894475676462	0.335753907636386	0.415361870701921	7.2395595296684
YDL208W_mRNA	4.10140830320042	0.0428475092345831	0.0642712638518747	-0.630987952184751	0.311569232107941	6.69260331870242
YLR279W_mRNA	5.91016290261095	0.0150537797192556	0.0451613391577668	0.857142490599808	0.352576448549282	3.23609541905683
