target_id	W	pval	qval	b	se_b	mean_obs
YBR008C_mRNA	2.98106424113318	0.0842438623092715	0.126365793463907	0.281281593890338	0.162912964603563	5.65157101214213
YOL102C_mRNA	0.314526509462083	0.574915730554142	0.574915730554142	0.0794401803703724	0.141648374117963	5.28453682142277
YOR386W_mRNA	5.661581596397	0.0173404792252442	0.0520214376757325	-0.323649113656417	0.136020866323258	5.69788415164157
