target_id	W	pval	qval	b	se_b	mean_obs
YBL077W_mRNA	1.09775664524749	0.294758954512391	0.294758954512391	0.09952145459737	0.0949868919908015	6.55663815391599
YLR417W_mRNA	65.6998181491197	5.25107119307902e-16	1.57532135792371e-15	0.752543411259917	0.0928430660118085	6.75119975248207
YPR125W_mRNA	3.06318405565907	0.0800845965265988	0.120126894789898	0.164639030396518	0.0940689406676736	6.56351619416206
