target_id	W	pval	qval	b	se_b	mean_obs
YBR095C_mRNA	0.714408747785336	0.3979840882525	0.4153620375125	0.0790928442503679	0.0935758566429115	5.85386998129958
YKL059C_mRNA	0.663400392297251	0.4153620375125	0.4153620375125	-0.0786437935123098	0.0965554055349424	5.98766004623201
YKL106W_mRNA	11.8953635279823	0.000562738441897604	0.00168821532569281	0.227016288282296	0.0658215582141468	5.67144807437949
