target_id	pval	qval	b	se_b	mean_obs	var_obs	tech_var	sigma_sq	smooth_sigma_sq	final_sigma_sq
YDR067C_mRNA	0.988816541099366	0.99540983935503	0.00270626445385473	0.193072281116027	5.39459049539337	0.0447344840426037	0.004275860453193	0.0516394981498264	0.0260599120712057	0.0516394981498264
YGR267C_mRNA	0.906591466741636	0.957681530487666	0.0159017083603756	0.135519445301592	7.05791495990817	0.0221144833644548	0.000896259707912774	0.0266520203743638	0.0230429233664635	0.0266520203743638
YNL263C_mRNA	0.184377803789221	0.414627380018756	0.163466263114178	0.123148098615276	6.51371295543191	0.0116687898750478	0.00160854188028074	0.00295698827233629	0.0211396394085557	0.0211396394085557
