target_id	pval	qval	b	se_b	mean_obs	var_obs	tech_var	sigma_sq	smooth_sigma_sq	final_sigma_sq
YJR101W_mRNA	0.00231515235143941	0.00774940614055792	-0.246623651014004	0.0809528605067692	5.76691860679532	0.0210763819637088	0.00310915422246007	0.000427613767371877	0.00672089421388258	0.00672089421388258
YMR176W_mRNA	0.442782989873839	0.568554033690144	-0.0583422516984958	0.0760157459310767	5.95382969517384	0.00528378662367602	0.00244296187660711	0.00288533952801897	0.00622462856757989	0.00622462856757989
YOR304W_mRNA	0.00151920668293448	0.00544236876836683	-0.315475895802771	0.099488157326469	6.5277237643328	0.0417349843876278	0.00149927492896757	0.0133475652433568	0.00563738284946575	0.0133475652433568
