target_id	pval	qval	b	se_b	mean_obs	var_obs	tech_var	sigma_sq	smooth_sigma_sq	final_sigma_sq
YDL059C_mRNA	0.00396074916770553	0.0207902106218378	0.419788519398149	0.145695603646129	4.78329863870192	0.0760642217359185	0.00998150671572606	0.0190153700722385	0.021859306666989	0.021859306666989
YDR415C_mRNA	0.813890656824912	0.893743475888151	-0.0253927702782585	0.10786622727579	5.72558095225413	0.00317232673005026	0.00317423296130908	0.000549378157852156	0.0142784515187595	0.0142784515187595
YKR045C_mRNA	0.0138472199214667	0.0559195395960895	-0.412818828227663	0.167730544024668	4.44073778271409	0.0848860579603517	0.0126366294430052	0.0295636736552117	0.0256204050995796	0.0295636736552117
