target_id	pval	qval	b	se_b	mean_obs	var_obs	tech_var	sigma_sq	smooth_sigma_sq	final_sigma_sq
YAL020C_mRNA	0.262789640059844	0.557885304301632	0.278369931591011	0.24858409816086	6.25503910742029	0.0541110057079629	0.00193547797879098	0.0495595669032493	0.0126641791913553	0.0495595669032493
YGL075C_mRNA	0.314140825207591	0.608930267774821	0.202261915912175	0.200941466365258	4.50252809839192	0.0120400406921384	0.0107170452840269	-0.00418988663311709	0.0229308488034899	0.0229308488034899
YOR083W_mRNA	0.263450767629032	0.557885304301632	0.234790556236472	0.209958328388567	4.96080485356953	0.0385761006561194	0.00686823463250446	0.0298671817505968	0.0180326476068079	0.0298671817505968
