target_id	pval	qval	b	se_b	mean_obs	var_obs	tech_var	sigma_sq	smooth_sigma_sq	final_sigma_sq
YHR026W_mRNA	0.0691858865190055	0.31469228760918	0.864342331149797	0.475644089995553	7.29813447040354	0.495611060042477	0.000891536524443513	0.338464413997103	0.0459563636082468	0.338464413997103
YIL146C_mRNA	0.437303810452331	0.753332012537043	0.146793059333815	0.188982643126927	5.07321931785361	0.0322291380210972	0.00732074307541158	0.0248851036002423	0.0462509160294476	0.0462509160294476
YKR104W_mRNA	0.00986907269885823	0.0905422492010382	0.878930072028037	0.340619975554069	3.68671722459333	0.370981782750309	0.0288105918182018	0.14522235980148	0.08654382354232	0.14522235980148
