target_id	pval	qval	b	se_b	mean_obs	var_obs	tech_var	sigma_sq	smooth_sigma_sq	final_sigma_sq
YBR148W_mRNA	0.00151308097441531	0.00888536053224689	0.57928829940453	0.182616187769499	3.97064217461755	0.107987379389702	0.0250901082127989	-0.0159464841607936	0.0249328998403984	0.0249328998403984
YMR193W_mRNA	0.973213350772919	0.984352965798118	0.00716664967640677	0.213430381572411	5.01203503540934	0.0546784415940493	0.00815608252853655	0.0601727091386808	0.0122050661449172	0.0601727091386808
YOL094C_mRNA	0.726908422295506	0.837479136365703	0.0346034189058065	0.0990817899914289	5.33984592430934	0.00466998105939709	0.00486055218961942	0.000527900409637885	0.009865249472239	0.009865249472239
