target_id	W	pval	qval	b	se_b	mean_obs
YDL157C_mRNA	7.76857254767865	0.00531630445083712	0.0159489133525114	0.268123435774309	0.0961975835776688	4.89103358463826
YML071C_mRNA	1.02549774751368	0.311218468135852	0.466827702203778	0.16542453125197	0.163355047139296	6.39590804676019
YPR095C_mRNA	0.39600541635422	0.529159470592512	0.529159470592512	-0.101063841118992	0.160599887742283	6.4940065270046
