target_id	W	pval	qval	b	se_b	mean_obs
YDR123C_mRNA	43.7758492272211	3.68220882891482e-11	1.10466264867445e-10	0.719664823648674	0.108770965979979	5.20177254032897
YLR457C_mRNA	20.8245235421475	5.03343122672843e-06	5.03343122672843e-06	0.557840610912006	0.122242603532045	4.92384463677487
YPR018W_mRNA	38.9989445166741	4.24034737156418e-10	6.36052105734628e-10	0.532527209235215	0.0852737527841843	6.0593848011125
