target_id	pval	qval	b	se_b	mean_obs	var_obs	tech_var	sigma_sq	smooth_sigma_sq	final_sigma_sq
YBR077C_mRNA	0.00421197877489224	0.0510611426851753	0.503080066400928	0.175789414502577	4.93317749981707	0.0478819847570127	0.007058579491057	6.69112031337444e-05	0.0186930190515753	0.0186930190515753
YCR028C-A_mRNA	0.713887647149541	0.891187770240417	-0.0506037200240133	0.138020223681514	5.78934612077997	0.0111322095426502	0.0030761585149626	0.0103056166466274	0.0127984932726166	0.0127984932726166
YPL083C_mRNA	0.848875820708014	0.950014094984614	-0.0405718444171305	0.212916331520057	4.38700110688818	0.026920143571161	0.0120821893251805	0.0212250579388941	0.0256956141981184	0.0256956141981184
