target_id	pval	qval	b	se_b	mean_obs	var_obs	tech_var	sigma_sq	smooth_sigma_sq	final_sigma_sq
YBR008C_mRNA	0.00232814449796592	0.0185885185166635	0.330292286459539	0.108476548356403	5.69688413826829	0.0428344849199455	0.00373660308985749	0.00889663012457317	0.0139141392251211	0.0139141392251211
YOL102C_mRNA	0.388832302419227	0.613881320048049	0.117693453486274	0.136577011328672	5.20291042782298	0.0265394607262242	0.00583103738455919	0.022148882650649	0.0179270225284725	0.022148882650649
YOR386W_mRNA	0.199823642361606	0.411659457384811	-0.139651627451425	0.108928023565762	5.62521592961624	0.0180297841197091	0.00347546642078458	0.0117482973351649	0.0143225050561302	0.0143225050561302
