target_id	W	pval	qval	b	se_b	mean_obs
YDR103W_mRNA	0.605548033239741	0.436468995412849	0.654703493119274	-0.0772893064799346	0.0993219211588139	6.1814547804586
YNR032W_mRNA	12.5474635673526	0.000396744461378515	0.00119023338413555	0.290720660188007	0.0820725494943928	6.05817893189733
YOR381W_mRNA	0.0623535156477965	0.80281405315999	0.80281405315999	0.0251169554216913	0.100585764759297	5.7521250355394
