target_id	pval	qval	b	se_b	mean_obs	var_obs	tech_var	sigma_sq	smooth_sigma_sq	final_sigma_sq
YBR111C_mRNA	0.374447975221835	0.686548840422994	0.113870221294705	0.128207327750073	7.01735179158375	0.00400437430512934	0.000924976405953984	0.00137915245510243	0.0127726226680582	0.0127726226680582
YNL137C_mRNA	0.0700488711967891	0.273880399311718	-0.245603327348601	0.135573012425384	5.98652899265823	0.0166923564416751	0.00252286953489197	0.00577570218288855	0.0127938318801859	0.0127938318801859
YOR330C_mRNA	0.178110624407107	0.467064046701056	0.170973906470211	0.126967554882774	6.77785569265078	0.0142072491724117	0.00117895529635385	0.01049009019131	0.0122550113644046	0.0122550113644046
