target_id	pval	qval	b	se_b	mean_obs	var_obs	tech_var	sigma_sq	smooth_sigma_sq	final_sigma_sq
YJR101W_mRNA	0.0354678943889198	0.154571991401054	-0.267401054061457	0.12715365900027	5.66165905990863	0.022277631973889	0.00358934335303517	0.00936117084074721	0.00988403414459562	0.00988403414459562
YMR176W_mRNA	0.169552779466695	0.410717268663438	0.161999927706569	0.117934585918337	6.00136937108394	0.00675482316334931	0.00241521026593788	0.000560823568054303	0.00917526186383673	0.00917526186383673
YOR304W_mRNA	0.686810219832843	0.860300071560033	0.0632245004899439	0.156811618768196	6.55695881538956	0.0170594787641686	0.00132414855219243	0.0191674212650593	0.0081070355345883	0.0191674212650593
