target_id	pval	qval	b	se_b	mean_obs	var_obs	tech_var	sigma_sq	smooth_sigma_sq	final_sigma_sq
YDL059C_mRNA	0.0599422972718345	0.779444320159752	0.51148427425337	0.271889982178545	4.71084923854456	0.0633570524047743	0.00933360560891762	0.0153593426452801	0.0522698630652902	0.0522698630652902
YDR415C_mRNA	0.969307752927074	0.997854883482599	0.00840208665769596	0.218369200930194	5.79781553512618	0.00942227162838693	0.0028295719551326	0.00893356027614203	0.0369080179739436	0.0369080179739436
YKR045C_mRNA	0.58302448518987	0.997854883482599	-0.156337801546628	0.284782697061133	4.55331373975436	0.0549277852486365	0.0111802435092928	0.0523875071780792	0.056404076945218	0.056404076945218
