target_id	W	pval	qval	b	se_b	mean_obs
YDR117C_mRNA	0.0145741818101297	0.903909984596261	0.903909984596261	-0.0199726432838508	0.165441117138845	6.03607070751058
YMR020W_mRNA	9.6237849884425	0.00192073476191596	0.00576220428574789	-0.398427434580189	0.128432897130084	6.31860685922699
YOR396W_mRNA	4.63319221451105	0.0313591655823648	0.0470387483735471	-0.291695082335456	0.135515492725549	6.68907400140417
