target_id	W	pval	qval	b	se_b	mean_obs
YJR101W_mRNA	7.14278294673752	0.00752662656224948	0.0225798796867484	-0.250188159623992	0.0936123237522933	5.66165905990863
YMR176W_mRNA	1.37065576692786	0.241699245837531	0.362548868756296	0.151571817524739	0.129465561581526	6.00136937108394
YOR304W_mRNA	0.352325237273502	0.552799811855184	0.552799811855184	0.05915467115956	0.0996591475220973	6.55695881538956
