target_id	pval	qval	b	se_b	mean_obs	var_obs	tech_var	sigma_sq	smooth_sigma_sq	final_sigma_sq
YIL101C_mRNA	6.61888936355017e-17	5.37473001506835e-15	-0.799569529918727	0.09571506450863	6.12482777998638	0.194587493586513	0.00244622265875982	0.00104635688396077	0.011295837702077	0.011295837702077
YML027W_mRNA	0.160126159910821	0.309974920679116	0.308536148805698	0.219653809927418	4.85498315359534	0.0864557219947117	0.00721761629636833	0.065154078027077	0.0193203133375727	0.065154078027077
YPL067C_mRNA	0.575560933850998	0.723066340557744	0.0637894841170461	0.113934100862897	5.39520579983209	0.0120210905278733	0.00464665092381445	0.00885380037955773	0.0148248180853408	0.0148248180853408
