target_id	pval	qval	b	se_b	mean_obs	var_obs	tech_var	sigma_sq	smooth_sigma_sq	final_sigma_sq
YBR026C_mRNA	0.960341998534631	0.982405251435051	-0.00495279160749996	0.0996048199589353	6.39230905789703	0.00401531748841893	0.00178552286216695	0.00322442519409141	0.0130961573764109	0.0130961573764109
YCL025C_mRNA	1.13819807652104e-07	3.80512566539939e-06	-1.34670311814533	0.253943882907227	6.93357847296824	0.621467781325904	0.00109421753296244	0.0956370259660369	0.0138109340358941	0.0956370259660369
YLR183C_mRNA	0.0460754414316731	0.174163296894402	0.243945259094301	0.122296621478515	5.34835263694904	0.0277385614316847	0.00519719583030064	0.00716002242133567	0.0172374996072882	0.0172374996072882
