target_id	pval	qval	b	se_b	mean_obs	var_obs	tech_var	sigma_sq	smooth_sigma_sq	final_sigma_sq
YAL044W-A_mRNA	0.231688999686417	0.497877284820561	0.24656260061448	0.206152681552525	4.5282358344271	0.0692366485400888	0.0105859945242412	0.0531623976427042	0.0262974484855621	0.0531623976427042
YDR057W_mRNA	0.0365141022015322	0.154852053496053	0.207607912593894	0.0992790278897444	6.05144163782798	0.0178350100912688	0.00247620986163872	0.00365466073809961	0.0123082782064602	0.0123082782064602
YER147C_mRNA	0.0552497533605647	0.204893673651231	0.349266855840656	0.18220334322964	5.87581862103654	0.076433870917515	0.00303068042519657	0.0467664070008906	0.0129370808447783	0.0467664070008906
