target_id	pval	qval	b	se_b	mean_obs	var_obs	tech_var	sigma_sq	smooth_sigma_sq	final_sigma_sq
YBR077C_mRNA	0.746597076097773	0.876153095212466	0.127176163694827	0.393576306007845	5.30129476203615	0.190734903364578	0.00521587133876499	0.227137591637406	0.0607973816780799	0.227137591637406
YCR028C-A_mRNA	0.286077395895756	0.550451014073364	-0.325885390731783	0.305489029400664	6.11732282117391	0.143848642868715	0.00247894368559402	0.137506376940646	0.04605636863704	0.137506376940646
YPL083C_mRNA	0.672958568256765	0.831643624848683	-0.0970849409271581	0.230009481155985	4.91653146244725	0.036861971093074	0.00760798324779594	0.0349349234604854	0.071748558884672	0.071748558884672
