target_id	W	pval	qval	b	se_b	mean_obs
YDL180W_mRNA	3.68132703378696	0.0550250391300459	0.165075117390138	0.170829402133623	0.0890349298612025	6.0110147403443
YKL187C_mRNA	0.226849741876984	0.63386959996438	0.63386959996438	0.0698353542959786	0.146624382485151	5.58727217506966
YNL280C_mRNA	0.746930553424775	0.387449779134553	0.581174668701829	-0.158924335563639	0.183886688535166	6.88093686868591
