target_id	W	pval	qval	b	se_b	mean_obs
YBR016W_mRNA	0.125382400367006	0.723268608287749	0.723268608287749	0.0731011895041072	0.206445848511649	5.99255170554001
YDL228C_mRNA	4.39589611877804	0.036025522547213	0.0540382838208195	-0.378506914050817	0.180530301130372	8.47120794182082
YOR278W_mRNA	5.62860268448833	0.01766971105401	0.0530091331620299	0.315747449711041	0.13308820103695	4.77032571021415
