target_id	pval	qval	b	se_b	mean_obs	var_obs	tech_var	sigma_sq	smooth_sigma_sq	final_sigma_sq
YBL077W_mRNA	0.725177757784021	0.866917225116574	-0.041053029961938	0.116778096059157	6.13579759440165	0.00954829556630963	0.00213277567481142	0.00917058705717957	0.018322909903991	0.018322909903991
YLR417W_mRNA	7.27328237088795e-05	0.00134967876529111	0.463353032370367	0.116797033270934	6.2795518968304	0.069413683697644	0.00220621784476184	0.00404987454973798	0.0182561026265755	0.0182561026265755
YPR125W_mRNA	0.212995267290383	0.45257429504029	0.227850876927229	0.182958176155768	6.39208519170151	0.0557432397016463	0.00181736649664205	0.0483931748367256	0.0182293009941149	0.0483931748367256
