target_id	W	pval	qval	b	se_b	mean_obs
YBL049W_mRNA	8.753362587824	0.00309031714021619	0.00463547571032428	0.449382315158245	0.151889767769494	3.29945382166168
YHR150W_mRNA	0.85669159688069	0.354666183828923	0.354666183828923	0.253773634781578	0.2741790369145	5.1652010033676
YMR244W_mRNA	15.1160328294412	0.00010110099786012	0.000303302993580361	1.04109091884012	0.267774825537674	3.42442403858066
