target_id	pval	qval	b	se_b	mean_obs	var_obs	tech_var	sigma_sq	smooth_sigma_sq	final_sigma_sq
YJL048C_mRNA	0.451540164498729	0.876177474670034	0.181263621762007	0.240769960643492	6.11073505752839	0.0441228660612256	0.00227349029915228	0.0460349879910715	0.0294779859260688	0.0460349879910715
YML014W_mRNA	0.335130730884438	0.814574881239858	-0.290200175895126	0.301090354346178	6.11165584710711	0.0744729580017985	0.00228026327891381	0.0732659046213422	0.0294725390912768	0.0732659046213422
YOL040C_mRNA	0.168069353121082	0.642748136122305	-0.411099080301432	0.298236332443289	8.57520751031774	0.0874636822969304	0.000200732925043275	0.0739200253993102	0.0705326715293613	0.0739200253993102
