target_id	W	pval	qval	b	se_b	mean_obs
YAL020C_mRNA	3.51305204030557	0.0608871931994365	0.182661579598309	0.233957370625811	0.124822949411307	6.25503910742029
YGL075C_mRNA	0.926388910741766	0.335803025680985	0.335803025680985	0.169992016573385	0.176616735002204	4.50252809839192
YOR083W_mRNA	1.9667774506994	0.160790333240833	0.24118549986125	0.197330871444702	0.140707557266104	4.96080485356953
