target_id	pval	qval	b	se_b	mean_obs	var_obs	tech_var	sigma_sq	smooth_sigma_sq	final_sigma_sq
YDR123C_mRNA	1.80269975145396e-09	3.25352637834527e-08	0.723653708090324	0.120315077582223	5.20177254032897	0.0924436188977631	0.00657645906655254	-0.000120829034530827	0.00548663917812777	0.00548663917812777
YLR457C_mRNA	3.21810939730948e-05	0.000252033018306671	0.560932552689159	0.134922059236698	4.92384463677487	0.0570908124937125	0.00857244942011533	-0.0027600439418031	0.00659751897044377	0.00659751897044377
YPR018W_mRNA	1.35022266599319e-08	2.19742885323921e-07	0.535478846483377	0.0942813402106337	6.0593848011125	0.0537155799131368	0.00260082470254477	0.00480665122404961	0.00351509420852024	0.00480665122404961
