target_id	pval	qval	b	se_b	mean_obs	var_obs	tech_var	sigma_sq	smooth_sigma_sq	final_sigma_sq
YDR117C_mRNA	0.89646251462814	0.933285097379856	-0.0212927811300978	0.163625311257382	6.03607070751058	0.00500813529139024	0.00206953664374297	0.00409617777710851	0.0202414987596529	0.0202414987596529
YMR020W_mRNA	0.00795072422353352	0.0279545240109264	-0.424762413275658	0.160036763750278	6.31860685922699	0.047145028456402	0.00165424586018465	0.0196888922662006	0.0191315196968915	0.0196888922662006
YOR396W_mRNA	0.108310606134198	0.212355815683645	-0.310975340450642	0.193653598453219	6.68907400140417	0.0411187545239862	0.00255082243341687	0.0287006077281502	0.0187699222686953	0.0287006077281502
