target_id	pval	qval	b	se_b	mean_obs	var_obs	tech_var	sigma_sq	smooth_sigma_sq	final_sigma_sq
YDR103W_mRNA	0.700897060689079	0.801504969926153	-0.0322932380934935	0.0840729323590131	6.17275758930983	0.00188369594360395	0.00218598858095209	-0.000222438611408306	0.00841639835221269	0.00841639835221269
YNR032W_mRNA	0.344692462940192	0.49663161736445	0.081579076888147	0.0863330755647514	6.0685759639842	0.00253472107225289	0.00262447243276473	-0.00195175076216936	0.00855562747193888	0.00855562747193888
YOR381W_mRNA	0.486601208015274	0.631686124451229	-0.0667095798244377	0.0958850142729531	5.52266023205399	0.00170104201459784	0.00395794355319149	-0.00350045405007659	0.00983296038999513	0.00983296038999513
