target_id	pval	qval	b	se_b	mean_obs	var_obs	tech_var	sigma_sq	smooth_sigma_sq	final_sigma_sq
YFL021W_mRNA	0.188155913996844	0.30056701133342	0.241129787774196	0.183221801799624	6.12117467568904	0.0577273467512497	0.00248883225178853	0.0478665107302628	0.0088312967699705	0.0478665107302628
YJL050W_mRNA	2.83637636718304e-12	7.60935994774896e-11	-1.01296087685369	0.14500696078399	6.84930608943803	0.33305934382183	0.00108846235037238	0.0304520656633422	0.00838985102112649	0.0304520656633422
YML004C_mRNA	0.38539630361798	0.515978289012898	0.0895001360975165	0.103111183563819	7.01688898434587	0.0151613817195599	0.000843356516821754	0.0151045177470755	0.00843354273783999	0.0151045177470755
