target_id	pval	qval	b	se_b	mean_obs	var_obs	tech_var	sigma_sq	smooth_sigma_sq	final_sigma_sq
YJL048C_mRNA	0.239373823788831	0.42348940398495	0.15966240856365	0.135703500032533	5.97818316998507	0.0265523336093811	0.0028069720618553	0.0208239131842412	0.0248161878197643	0.0248161878197643
YML014W_mRNA	0.0632723246446393	0.181891558528119	-0.350921529502218	0.188944506666206	5.768311709757	0.0797838078796563	0.00309340764048294	0.050456632258521	0.0257240268782266	0.050456632258521
YOL040C_mRNA	0.442816590168864	0.62628045373004	0.156568732349825	0.204012792878441	8.34952734195429	0.0456379854382749	0.000236499764300836	0.0476183190524316	0.0621953297227914	0.0621953297227914
