target_id	pval	qval	b	se_b	mean_obs	var_obs	tech_var	sigma_sq	smooth_sigma_sq	final_sigma_sq
YBR275C_mRNA	0.00162528164126484	0.00858687942621657	0.355347774539417	0.112761169688361	6.51406309551294	0.0295220610713442	0.00175206218472206	0.00884383897318401	0.00610985516804502	0.00884383897318401
YHR047C_mRNA	0.207381988862262	0.357231387073888	-0.115788739004529	0.0918377323648413	6.82204116882796	0.00633621806299473	0.0010419361415821	0.00408520475377396	0.00598653809668142	0.00598653809668142
YLR207W_mRNA	0.0869534797307422	0.191730562657945	0.157907315776837	0.0922521889513846	6.94158736359256	0.00498422172355087	0.00107753828494899	-4.19945421448016e-05	0.00601451702031932	0.00601451702031932
