target_id	pval	qval	b	se_b	mean_obs	var_obs	tech_var	sigma_sq	smooth_sigma_sq	final_sigma_sq
YML097C_mRNA	0.075763595787074	0.217255874011941	-0.273726754181213	0.154141576481801	5.3067088135151	0.0281976395090295	0.00521242304757508	0.0144249730148406	0.0145872649526707	0.0145872649526707
YMR097C_mRNA	0.331458129226466	0.559118312680783	0.146494778208127	0.15084188305003	5.56389238594775	0.018745635795094	0.00369155097417172	0.0152695104275607	0.0130944068659873	0.0152695104275607
YOR299W_mRNA	0.119659686477366	0.293748092098166	-0.187285690808189	0.120347807478333	6.95037340853602	0.00709586160756136	0.0009975163706206	0.000564825226018454	0.0110721459334144	0.0110721459334144
