target_id	pval	qval	b	se_b	mean_obs	var_obs	tech_var	sigma_sq	smooth_sigma_sq	final_sigma_sq
YDR011W_mRNA	3.09514091791674e-22	3.57267694525247e-20	-0.885447371103991	0.0913084375903319	7.08660661042387	0.133270744072173	0.000949410438709277	0.00230213486088809	0.00599828187394701	0.00599828187394701
YDR077W_mRNA	9.39749075510199e-48	3.54348051405712e-45	-2.26811665115208	0.156234090238686	8.60013755122468	0.873664917840699	0.000223871048200305	0.020117038079058	0.00605801574877099	0.020117038079058
YOR308C_mRNA	0.00573354411671619	0.0271302120296176	-0.499513112698099	0.180809867207846	4.64598064123418	0.0633803636793699	0.00993259671748351	0.0173109100156156	0.0120230018685125	0.0173109100156156
