target_id	pval	qval	b	se_b	mean_obs	var_obs	tech_var	sigma_sq	smooth_sigma_sq	final_sigma_sq
YDL180W_mRNA	0.0376256082222281	0.159873231605879	0.326596329530561	0.157099779964364	6.28783838304331	0.0341081391283679	0.00195955590507001	0.000676182081827587	0.0350609553922075	0.0350609553922075
YKL187C_mRNA	0.0302805462724184	0.139370380479158	0.353288498802586	0.163076214686425	5.78631758123602	0.0693564511715988	0.00358223714308976	0.0363085405515897	0.034997986413474	0.0363085405515897
YNL280C_mRNA	0.0696140248129197	0.234708742939902	-0.61839583637621	0.340824015263636	6.87297339453177	0.254117234390743	0.00110063837854962	0.173140875692092	0.0391393263919851	0.173140875692092
