target_id	pval	qval	b	se_b	mean_obs	var_obs	tech_var	sigma_sq	smooth_sigma_sq	final_sigma_sq
YBL049W_mRNA	0.135373170389708	0.427453831672719	0.461475033729775	0.30904182246853	3.29945382166168	0.0837758013872347	0.0365892946041931	0.023763955722372	0.0429997454246991	0.0429997454246991
YHR150W_mRNA	0.133612408444366	0.424530585044182	0.260602593204668	0.173734170509449	5.1652010033676	0.031441326599237	0.00553654937045148	0.0196164189650538	0.018982565294331	0.0196164189650538
YMR244W_mRNA	0.000559392125034867	0.0111188771273943	1.06910630588194	0.309834177888189	3.42442403858066	0.245362184353245	0.0390644748183144	0.0295156945239644	0.0409332066713938	0.0409332066713938
