target_id	pval	qval	b	se_b	mean_obs	var_obs	tech_var	sigma_sq	smooth_sigma_sq	final_sigma_sq
YBL077W_mRNA	0.335214814764482	0.606223673917059	0.10243556520742	0.106298099002316	6.55663815391599	0.00278113448956576	0.00121804799495675	7.23190712996881e-05	0.00819802354796506	0.00819802354796506
YLR417W_mRNA	2.99503034712397e-13	1.38404491813436e-11	0.774578808030875	0.106184941917148	6.75119975248207	0.100711763817798	0.00122034376527435	-0.000324874378554261	0.00817569114301579	0.00817569114301579
YPR125W_mRNA	0.113835798944537	0.330968123376341	0.169459863725853	0.107172715060172	6.56351619416206	0.0104375638615392	0.00137526289620428	0.00568905746947292	0.0081963961482698	0.0081963961482698
