target_id	pval	qval	b	se_b	mean_obs	var_obs	tech_var	sigma_sq	smooth_sigma_sq	final_sigma_sq
YBR016W_mRNA	0.729892678226499	0.885558503729072	0.0795497672887276	0.230399860018636	5.99255170554001	0.0364440912436863	0.00261614745006616	0.0416205987971062	0.0150455171044744	0.0416205987971062
YDL228C_mRNA	0.0170790392582812	0.108238654729221	-0.41189667547373	0.172702880536738	8.47120794182082	0.0400439806155204	0.000371309141030893	0.0143380684478875	0.0244839283137081	0.0244839283137081
YOR278W_mRNA	0.165128569460987	0.424900272714893	0.343600922459836	0.247546132643477	4.77032571021415	0.0605296575103696	0.0097733538614514	0.0412925526275004	0.0248242276096563	0.0412925526275004
