target_id	pval	qval	b	se_b	mean_obs	var_obs	tech_var	sigma_sq	smooth_sigma_sq	final_sigma_sq
YBR095C_mRNA	0.893880821188625	0.935471767323976	0.0122873765823396	0.0921125665419657	5.75376469462067	0.00264768766730821	0.00291069622987961	0.000342295995527088	0.00981639114254248	0.00981639114254248
YKL059C_mRNA	0.517875776110378	0.653343506118559	-0.0565711135642989	0.0874869708433746	6.01064860232435	0.00680652271609328	0.00239017118120954	0.00491787313019268	0.00909078391981468	0.00909078391981468
YKL106W_mRNA	0.194295365425904	0.319028894810859	0.122627565203369	0.094475942243097	5.68368896519929	0.0151870876421496	0.00331903936470711	0.0100257502825901	0.0100695161293744	0.0100695161293744
