target_id	pval	qval	b	se_b	mean_obs	var_obs	tech_var	sigma_sq	smooth_sigma_sq	final_sigma_sq
YAL013W_mRNA	0.354622745833815	0.983121220711068	0.371269507743559	0.401086297284116	7.2395595296684	0.130220319809413	0.000836363793746931	0.133222151097155	0.0550083894133166	0.133222151097155
YDL208W_mRNA	0.171832981034937	0.797238896878298	-0.697733015377007	0.510659257656997	6.69260331870242	0.254987145078379	0.00124124232310503	0.216069488869225	0.0450469490912928	0.216069488869225
YLR279W_mRNA	0.0411794532095586	0.381913904064187	0.947809878941797	0.464221603058579	3.23609541905683	0.199283100543632	0.0493223992260735	0.0126265667410361	0.13026234806249	0.13026234806249
