target_id	pval	qval	b	se_b	mean_obs	var_obs	tech_var	sigma_sq	smooth_sigma_sq	final_sigma_sq
YDL157C_mRNA	0.137386706056215	0.431115322705846	0.309915316935813	0.208613824114943	4.89103358463826	0.0434354167558945	0.00741433726561116	0.0268700370810435	0.0288521024109391	0.0288521024109391
YML071C_mRNA	0.377272697293635	0.703887952971269	0.191208932870257	0.21656119203547	6.39590804676019	0.0373593092654456	0.00166329165630103	0.037418999923552	0.0175648382355779	0.037418999923552
YPR095C_mRNA	0.443331651159513	0.752607694132007	-0.116816466493095	0.152386657691129	6.4940065270046	0.00648358492982418	0.00155503175107954	0.00370651465204784	0.0177963794508148	0.0177963794508148
