Test_Condition	MSE	SE_SD
Balanced	0.0225425810337775	0.146162231619893
Unbalanced OLS	0.0701559658491659	0.449360824366027
Unbalanced JS	0.0692857789706219	0.442976899327712
