target_id	W	pval	qval	b	se_b	mean_obs
YBR077C_mRNA	18.2571481864065	1.93000312944582e-05	5.79000938833748e-05	0.496703705331932	0.116246779352671	4.93317749981707
YCR028C-A_mRNA	0.0678318410446423	0.794520175429161	0.800336547517672	-0.0499623358550562	0.191834154449101	5.78934612077997
YPL083C_mRNA	0.0639642628873014	0.800336547517672	0.800336547517672	-0.0400576107066011	0.158385836218851	4.38700110688818
