target_id	W	pval	qval	b	se_b	mean_obs
YDR174W_mRNA	0.0012245016025239	0.972085418883594	0.972085418883594	-0.00337253664256227	0.0963777976805035	7.47087891540558
YEL023C_mRNA	29.5923678966364	5.33144500200991e-08	1.59943350060297e-07	0.392931208251145	0.0722315051798243	5.49149023834017
YFR022W_mRNA	0.0123713729039449	0.911436600446701	0.972085418883594	0.0108122081839304	0.097208770531811	5.87804018421168
