target_id	pval	qval	b	se_b	mean_obs	var_obs	tech_var	sigma_sq	smooth_sigma_sq	final_sigma_sq
YBR111C_mRNA	0.0167829935155564	0.059071460242035	0.305594411482262	0.127787440021568	6.96674425144449	0.0476119390914756	0.00101203629942452	0.0234824084414742	0.00974715355497725	0.0234824084414742
YNL137C_mRNA	0.00506013272691914	0.0233066459565517	-0.247160508184499	0.0881714540096657	6.1565123082825	0.0257728556931505	0.00236123719790089	0.00694671361627976	0.00930007075536699	0.00930007075536699
YOR330C_mRNA	0.00781742262608561	0.0332389194915832	0.222052990027849	0.0834831086986879	6.74827710317578	0.0153497808508696	0.00115369326132172	-0.000456791090350043	0.00930045089567369	0.00930045089567369
