target_id	W	pval	qval	b	se_b	mean_obs
YFL021W_mRNA	0.351970062502219	0.553000038516202	0.636782332094377	0.130600721283104	0.220136832302555	6.09458561109837
YJL050W_mRNA	10.5464582052029	0.00116410943711112	0.00349232831133337	-0.680705510467629	0.209607080211496	6.80007716098947
YML004C_mRNA	0.222975099603498	0.636782332094377	0.636782332094377	0.142312557831137	0.301380425116324	6.78493364596784
