target_id	W	pval	qval	b	se_b	mean_obs
YDL059C_mRNA	13.7404146572617	0.000209889157767792	0.000629667473303376	0.397615801793835	0.107266402625301	4.71084923854456
YDR415C_mRNA	0.00124859465248646	0.971812248898699	0.971812248898699	0.00653158384589191	0.184845026994345	5.79781553512618
YKR045C_mRNA	0.752945770326497	0.385545182109715	0.578317773164573	-0.121533316744466	0.140059799829167	4.55331373975436
