target_id	pval	qval	b	se_b	mean_obs	var_obs	tech_var	sigma_sq	smooth_sigma_sq	final_sigma_sq
YHR026W_mRNA	0.62858651597475	0.856544163109648	0.114644897656067	0.237008059045791	7.48144449229504	0.039639122128197	0.00054262024333103	0.0462680631338798	0.0256794211744818	0.0462680631338798
YIL146C_mRNA	0.387667277768926	0.736642784102139	0.179596352122063	0.207900919964656	5.02940207094623	0.00946725746902072	0.00666342908823544	-0.00154911760519967	0.0293555646802231	0.0293555646802231
YKR104W_mRNA	0.130573915041544	0.454138088184034	0.462952379594334	0.306217318250784	3.7983610278327	0.0870659313952315	0.0244872056820251	0.0396941865261692	0.0536536659818932	0.0536536659818932
