target_id	pval	qval	b	se_b	mean_obs	var_obs	tech_var	sigma_sq	smooth_sigma_sq	final_sigma_sq
YBR016W_mRNA	0.00181603280672838	0.0109127713473661	0.264105025993984	0.0846822380687625	6.56730582853189	0.025010933651189	0.00144395591395372	0.00366291186680144	0.00931266625254813	0.00931266625254813
YDL228C_mRNA	0.148094025674161	0.298037245389918	-0.194200302696099	0.134274187677716	8.70929290215152	0.03294959624199	0.000253224149797805	0.026791112064968	0.0124321741463832	0.026791112064968
YOR278W_mRNA	0.167741383790008	0.326398463594147	0.154844529577243	0.112247044780832	5.31804267554459	0.0129408833381283	0.00515256186847736	0.00203223167668399	0.0137465367245678	0.0137465367245678
