target_id	pval	qval	b	se_b	mean_obs	var_obs	tech_var	sigma_sq	smooth_sigma_sq	final_sigma_sq
YCR008W_mRNA	0.843100796761751	0.912758230397782	-0.0225840142227765	0.114101727557212	6.7891369387575	0.00477849399231822	0.00130668388438837	0.00447516946910394	0.0182221224629218	0.0182221224629218
YIR019C_mRNA	0.0119429136754746	0.0442515543970179	0.723487542495794	0.287803280140368	5.13066370924085	0.256427140915447	0.00836227881021397	0.115883813279119	0.0238899859451794	0.115883813279119
YKL091C_mRNA	0.493125721071313	0.666234143776356	0.0793699831815479	0.115810121318959	6.31176502222289	0.0111293173201599	0.00193922525401517	0.00961007355984509	0.0181787510458529	0.0181787510458529
