target_id	pval	qval	b	se_b	mean_obs	var_obs	tech_var	sigma_sq	smooth_sigma_sq	final_sigma_sq
YDR174W_mRNA	0.792485031079035	0.868063470071266	-0.0237426206042038	0.0902469415653517	7.33649988757482	0.0033803683122569	0.000594363704555535	0.0034197046733324	0.0116224019882945	0.0116224019882945
YEL023C_mRNA	0.476017461034941	0.619810932469568	0.0844285609841849	0.11845922545442	5.34859303268316	0.0189775602872712	0.00515349719897248	0.015895384943919	0.0130379104639541	0.015895384943919
YFR022W_mRNA	0.930516301925729	0.95656390374759	-0.0083932607707395	0.0962582158553086	5.72146693881711	0.0111366390804369	0.00321286934387465	0.0106815119467844	0.0106855968355961	0.0106855968355961
