target_id	pval	qval	b	se_b	mean_obs	var_obs	tech_var	sigma_sq	smooth_sigma_sq	final_sigma_sq
YDR123C_mRNA	0.730856309408099	0.870170460511575	0.0930426354062752	0.270483257039259	5.24373690105191	0.0903905104072823	0.00517127523332305	0.104570513274526	0.022970445080239	0.104570513274526
YLR457C_mRNA	0.589492239941024	0.779825937223869	0.133196391813661	0.246855646892702	4.97579179839572	0.0784476361210307	0.00744715492893554	0.0839594106752858	0.0264056863900606	0.0839594106752858
YPR018W_mRNA	0.105978617860224	0.273990473391423	0.358645637091953	0.221860683777086	6.05261570821274	0.0976546035087714	0.00257885407181049	0.0712543904372439	0.0170527884659091	0.0712543904372439
