target_id	W	pval	qval	b	se_b	mean_obs
YBR026C_mRNA	0.0363374883431015	0.848820228920934	0.848820228920934	-0.0238471286662219	0.12510038383325	6.45930558013919
YCL025C_mRNA	93.9808173502017	3.18596563769269e-22	9.55789691307808e-22	-1.05998782214589	0.109340553226871	6.4442312808219
YLR183C_mRNA	28.7512428090285	8.2297091488533e-08	1.23445637232799e-07	0.427918449113207	0.0798054773640227	5.44930996288249
