target_id	pval	qval	b	se_b	mean_obs	var_obs	tech_var	sigma_sq	smooth_sigma_sq	final_sigma_sq
YDL080C_mRNA	0.0939050783959631	0.295160494439622	-0.219697127533626	0.131150828535673	6.03735859488416	0.0152777179605629	0.00261725817481637	-0.00162017116656026	0.0231835515635741	0.0231835515635741
YLR084C_mRNA	0.109758348450098	0.322281490762374	-0.208697156892173	0.130494426095888	6.01741320885458	0.0199696203094089	0.00230136588256738	0.00632772076861509	0.0232418269805754	0.0232418269805754
YMR186W_mRNA	0.942066518680379	0.975050811173871	-0.0160449358919103	0.2207833303101	9.26385430750789	0.0585715667217151	8.21267276420688e-05	0.073035791686586	0.069396209535102	0.073035791686586
