target_id	W	pval	qval	b	se_b	mean_obs
YML097C_mRNA	7.89520488866728	0.00495660229967626	0.0148698068990288	-0.239757493419353	0.0853277879618708	5.3067088135151
YMR097C_mRNA	1.14562368986729	0.284467141976319	0.284467141976319	0.128314899021351	0.119882583544528	5.56389238594775
YOR299W_mRNA	2.00591215528676	0.156687019865967	0.23503052979895	-0.164043693557834	0.115825340105717	6.95037340853602
