target_id	pval	qval	b	se_b	mean_obs	var_obs	tech_var	sigma_sq	smooth_sigma_sq	final_sigma_sq
YDL180W_mRNA	0.318431330938407	0.761646227980044	0.174223534270923	0.174627509611529	6.0110147403443	0.0189228277722729	0.00242897429155785	0.0149008437792313	0.022983331636046	0.022983331636046
YKL187C_mRNA	0.773290467670662	0.953097609600279	0.0712228813690424	0.247238563491531	5.58727217506966	0.0415967213233218	0.00423546245627654	0.0467036269415198	0.0239642478736159	0.0467036269415198
YNL280C_mRNA	0.362954481231853	0.787340769194366	-0.162081931317055	0.178160999494559	6.88093686868591	0.00776078179866339	0.000934786340077773	0.00329315914586252	0.0255163317773391	0.0255163317773391
