target_id	pval	qval	b	se_b	mean_obs	var_obs	tech_var	sigma_sq	smooth_sigma_sq	final_sigma_sq
YBR008C_mRNA	0.0751171489910597	0.383817761283086	0.321554274781184	0.180674009012965	5.65157101214213	0.0304235192834381	0.00410853593721874	0.0123797899108181	0.0230940453401287	0.0230940453401287
YOL102C_mRNA	0.642373034028456	0.891701030374621	0.0908140814839112	0.195558386962659	5.28453682142277	0.00736384824968167	0.00546598644605186	0.00202065774193231	0.0264032491468124	0.0264032491468124
YOR386W_mRNA	0.0946507174593737	0.420294257289838	-0.369987792610191	0.221369383970089	5.69788415164157	0.0554847638862916	0.00345488578176343	0.0373821176843172	0.0227455170038362	0.0373821176843172
