target_id	pval	qval	b	se_b	mean_obs	var_obs	tech_var	sigma_sq	smooth_sigma_sq	final_sigma_sq
YBR095C_mRNA	0.478027630351714	0.837135410334314	0.104801565421788	0.147716351217602	5.85386998129958	0.00341095391115692	0.00327081006045862	-0.00129531936210773	0.0149126236204097	0.0149126236204097
YKL059C_mRNA	0.461488112218489	0.828870961216966	-0.10420655305691	0.141508339069643	5.98766004623201	0.00635545940499872	0.00248627682327566	0.00319575457880534	0.0142008981985985	0.0142008981985985
YKL106W_mRNA	0.0479963444555036	0.287985243705307	0.300806762150518	0.152122302806609	5.67144807437949	0.0186012346915582	0.00332726763841592	0.00107329486030728	0.0159570615375721	0.0159570615375721
