target_id	pval	qval	b	se_b	mean_obs	var_obs	tech_var	sigma_sq	smooth_sigma_sq	final_sigma_sq
YDR011W_mRNA	5.80553096411436e-18	5.43010662843496e-16	-0.910994756841056	0.105484197849213	7.39480788557197	0.252045795834794	0.00072015046359153	0.00312030170793966	0.0159702235302463	0.0159702235302463
YDR077W_mRNA	1.22877409892507e-11	6.15703593139956e-10	-2.48582336196271	0.366814417855113	9.26575456847403	2.01525871663954	0.000248467642365573	0.201580758077212	0.0345988009863234	0.201580758077212
YOR308C_mRNA	0.0252636555033767	0.115549824519112	-0.347820867127502	0.155461282275492	4.96536619437056	0.0652956590268866	0.00788241980410589	0.0283698956260045	0.0210962240022593	0.0283698956260045
