target_id	pval	qval	b	se_b	mean_obs	var_obs	tech_var	sigma_sq	smooth_sigma_sq	final_sigma_sq
YBR148W_mRNA	0.0187871734308342	0.258980027314856	0.923926617560282	0.393205904458401	3.54058385192193	0.212330058356887	0.0387965976807726	0.0487742263827572	0.0900458050700181	0.0900458050700181
YMR193W_mRNA	0.920257171272327	0.990261864820864	0.0323619328459671	0.323264449761198	4.99288239692781	0.069841152102528	0.00777925185965696	0.0793040018731849	0.0386111407356272	0.0793040018731849
YOL094C_mRNA	0.118888762444776	0.608641330250756	-0.373538898041917	0.239531716871609	5.38298683923221	0.0615055136500356	0.00480555061655484	0.0430073188729958	0.031879961218278	0.0430073188729958
