target_id	pval	qval	b	se_b	mean_obs	var_obs	tech_var	sigma_sq	smooth_sigma_sq	final_sigma_sq
YDR103W_mRNA	0.498571252335542	0.83569712612815	-0.0971251828554873	0.143519306024049	6.1814547804586	0.00982208024286668	0.00254997697132024	0.00776235226044806	0.0146148490300337	0.0146148490300337
YNR032W_mRNA	0.0111229669501887	0.126001442897752	0.365332522267602	0.143899022307594	6.05817893189733	0.0303817896490505	0.0024322114744651	0.0077392231230133	0.0148235623764361	0.0148235623764361
YOR381W_mRNA	0.836868858597189	0.959227685121248	0.0315630841989534	0.153293110519625	5.7521250355394	0.0087689901687515	0.00363193558620982	0.00712175456553162	0.0159503791911085	0.0159503791911085
