target_id	pval	qval	b	se_b	mean_obs	var_obs	tech_var	sigma_sq	smooth_sigma_sq	final_sigma_sq
YBR026C_mRNA	0.785433094828106	0.891808711067207	-0.023918906637429	0.0878577898278931	6.45930558013919	0.000548682663424471	0.00149699647608835	-0.000930333583209844	0.00493549621844686	0.00493549621844686
YCL025C_mRNA	1.03573343746897e-14	4.80802869277952e-13	-1.06317830165572	0.137454048953178	6.4442312808219	0.200987093901005	0.00180572869404752	0.0139389509506379	0.00495263703648827	0.0139389509506379
YLR183C_mRNA	0.000385310106633685	0.00313210834871405	0.42920644980081	0.120905062740452	5.44930996288249	0.036677655705823	0.00479117832676087	0.00267710452413981	0.00739051683679957	0.00739051683679957
