target_id	pval	qval	b	se_b	mean_obs	var_obs	tech_var	sigma_sq	smooth_sigma_sq	final_sigma_sq
YAL044W-A_mRNA	0.589106019093151	0.975446059477335	-0.170232925675692	0.315169130324083	4.79780852287622	0.0710509286368439	0.00852847100866777	0.0742478462490314	0.0707238416751	0.0742478462490314
YDR057W_mRNA	0.910125507037011	0.998570101498897	-0.0325889805695617	0.288704048317939	6.45921149601746	0.0557436919525384	0.00170729896892463	0.0677510572937144	0.0489895967136555	0.0677510572937144
YER147C_mRNA	0.193486261696019	0.794877771002652	0.50083283568062	0.385156848550244	6.0728625279499	0.140702786872752	0.00264574498619758	0.120975753334765	0.0463621181330283	0.120975753334765
