target_id	pval	qval	b	se_b	mean_obs	var_obs	tech_var	sigma_sq	smooth_sigma_sq	final_sigma_sq
YDR117C_mRNA	0.278202303537822	0.72096157692915	0.164056676347537	0.15129263675812	6.21038467732965	0.0205935032733866	0.0018377649486813	0.0138111417477274	0.0324964279571554	0.0324964279571554
YMR020W_mRNA	0.617195862823573	0.91548991455352	0.110023362973145	0.220122241496147	6.27930889541798	0.0617761035615212	0.0019461074430769	0.0707345943588552	0.0326565457700235	0.0707345943588552
YOR396W_mRNA	0.208656240700144	0.649551561206375	-0.198095479882482	0.157560138586844	6.71350728307997	0.0161060804272943	0.00239713503435986	0.00301978331855654	0.0348406608728982	0.0348406608728982
