target_id	W	pval	qval	b	se_b	mean_obs
YHR026W_mRNA	0.37508432544165	0.540245835000977	0.540245835000977	0.112076220038087	0.182999126775772	7.48144449229504
YIL146C_mRNA	0.42582344862184	0.514045467078015	0.540245835000977	0.175572403918534	0.269055248965946	5.02940207094623
YKR104W_mRNA	6.87992673878525	0.00871691364602369	0.0261507409380711	0.452579694547134	0.172545309620988	3.7983610278327
