target_id	pval	qval	b	se_b	mean_obs	var_obs	tech_var	sigma_sq	smooth_sigma_sq	final_sigma_sq
YBR275C_mRNA	0.00128526282351068	0.00612196738421783	0.281358021160476	0.0873986184759727	6.20093287433485	0.032914923035212	0.00193630729140526	0.0095214704758577	0.0066668426232457	0.0095214704758577
YHR047C_mRNA	4.85178468094249e-08	6.92121937138531e-07	-0.385158989009699	0.070585138527473	6.64461694000029	0.0457799780979572	0.00127939693245596	0.000315283134375576	0.00619399573895787	0.00619399573895787
YLR207W_mRNA	0.000172001755113454	0.00111452353950688	0.269568946748114	0.0717522084500723	6.67935754217686	0.0241076566804865	0.00154856449591227	0.00133572496061322	0.00617400463028167	0.00617400463028167
