target_id	pval	qval	b	se_b	mean_obs	var_obs	tech_var	sigma_sq	smooth_sigma_sq	final_sigma_sq
YDL157C_mRNA	0.05671157406256	0.167618202260974	0.266995560337118	0.140116372577438	4.99231247445386	0.033554217701303	0.00686043854002175	0.00834984762170775	0.0225884582563672	0.0225884582563672
YML071C_mRNA	0.0468281563540463	0.145638429572479	0.188883884340124	0.0950191294320028	6.35970142584145	0.0188414166863166	0.00165776367223428	0.00851508652438127	0.0118851887647893	0.0118851887647893
YPR095C_mRNA	0.556868066188426	0.736044609100931	0.05518337080457	0.0939291693519136	6.47144689133982	0.00372763932771103	0.00145839716477005	0.00205920033986077	0.0117756361179407	0.0117756361179407
