target_id	W	pval	qval	b	se_b	mean_obs
YJL048C_mRNA	1.07410685233353	0.300019644232358	0.300019644232358	0.1257597831765	0.121343924375811	6.11073505752839
YML014W_mRNA	2.19393964739576	0.138554526543364	0.207831789815047	-0.20133941296986	0.135930357714995	6.11165584710711
YOL040C_mRNA	9.34114340595947	0.00224065681550163	0.00672197044650488	-0.285218460826335	0.0933206192879484	8.57520751031774
