target_id	pval	qval	b	se_b	mean_obs	var_obs	tech_var	sigma_sq	smooth_sigma_sq	final_sigma_sq
YAL013W_mRNA	0.337386975898209	0.531318072280644	0.109382962265124	0.114018852245534	7.06348368773596	0.00728318851254115	0.000824426102389836	0.00379282237557664	0.0186760218986935	0.0186760218986935
YDL208W_mRNA	0.32435283848382	0.516694865682189	-0.257347264602672	0.261119836894129	6.94160151326648	0.101688567443083	0.000950893329213337	0.101324460500211	0.0176445052207508	0.101324460500211
YLR279W_mRNA	0.0149608395940883	0.0563800146210595	0.751224790072045	0.308723494267714	2.86240615056336	0.213220933751922	0.0679127912563758	-0.0130136310235189	0.0750525026129252	0.0750525026129252
