target_id	W	pval	qval	b	se_b	mean_obs
YBR111C_mRNA	1.08422804293106	0.29775363574005	0.29775363574005	0.0899539643270461	0.0863893069232482	7.01735179158375
YNL137C_mRNA	6.77668083238732	0.00923564752380941	0.0277069425714282	-0.194019056920435	0.074530815528525	5.98652899265823
YOR330C_mRNA	2.33901536327451	0.126169281100928	0.189253921651393	0.13506411517084	0.088312756503868	6.77785569265078
