target_id	W	pval	qval	b	se_b	mean_obs
YAL044W-A_mRNA	0.472531745924236	0.491824747004139	0.737737120506209	-0.14743141609681	0.21447394567638	4.79780852287622
YDR057W_mRNA	0.00881893136876882	0.925181312983903	0.925181312983903	-0.0282239145890917	0.300544834283626	6.45921149601746
YER147C_mRNA	10.1141884152384	0.00147132209564817	0.00441396628694451	0.433749780772984	0.136387242369618	6.0728625279499
