target_id	pval	qval	b	se_b	mean_obs	var_obs	tech_var	sigma_sq	smooth_sigma_sq	final_sigma_sq
YFL021W_mRNA	0.71255202498808	0.947547565358658	0.158862161713511	0.43118587233339	6.09458561109837	0.128153702070652	0.00245745564721198	0.152476924769377	0.0348554886924465	0.152476924769377
YJL050W_mRNA	0.0469831665572471	0.339481380001478	-0.828007286795716	0.41682724802845	6.80007716098947	0.230095980963782	0.00118972913626439	0.143597733112878	0.0400689152003903	0.143597733112878
YML004C_mRNA	0.572541383318279	0.912645262812478	0.17310838986123	0.306759726433594	6.78493364596784	0.0677287722811334	0.00110537740703148	0.0773125640609798	0.0398960264577318	0.0773125640609798
