target_id	W	pval	qval	b	se_b	mean_obs
YDR067C_mRNA	5.30044744618993	0.0213199469513903	0.0639598408541708	-0.444086371092608	0.192890650882077	5.56345238304669
YGR267C_mRNA	2.67049101421338	0.10222448135761	0.153336722036415	-0.266575087998378	0.163126305650405	7.16538573562361
YNL263C_mRNA	0.387733248632796	0.533493315363079	0.533493315363079	0.159915886085841	0.25681777961912	6.80080303333201
