target_id	W	pval	qval	b	se_b	mean_obs
YBR275C_mRNA	13.0570354024933	0.000302147303665542	0.000906441910996626	0.341714557189629	0.0945673435222664	6.51406309551294
YHR047C_mRNA	1.93719311153906	0.163973626026223	0.163973626026223	-0.111346406285399	0.0799999557311151	6.82204116882796
YLR207W_mRNA	3.61298407079662	0.0573301639314062	0.0859952458971094	0.151849068303928	0.0798875510651642	6.94158736359256
