target_id	pval	qval	b	se_b	mean_obs	var_obs	tech_var	sigma_sq	smooth_sigma_sq	final_sigma_sq
YDR067C_mRNA	0.117669256024003	0.319355715965337	-0.45997350427703	0.29398193821222	5.56345238304669	0.0928795241028241	0.00365944853087796	0.0683617014649666	0.0202766503564323	0.0683617014649666
YGR267C_mRNA	0.25485599599471	0.495348973658447	-0.276111777710921	0.242493960031839	7.16538573562361	0.0519084993997292	0.000802595020699257	0.0482001721892365	0.0201098952862461	0.0482001721892365
YNL263C_mRNA	0.396784666753973	0.625129268846927	0.165636856477929	0.195469941355581	6.80080303333201	0.0300449266863513	0.00130220771082063	0.0305382072671412	0.01771355092929	0.0305382072671412
