target_id	pval	qval	b	se_b	mean_obs	var_obs	tech_var	sigma_sq	smooth_sigma_sq	final_sigma_sq
YCR008W_mRNA	0.535944814818384	0.833542312493919	-0.0922372320781463	0.149020466809999	6.66867270092658	0.0162226841824198	0.00138176452459959	0.0171241517489589	0.0167556584699442	0.0171241517489589
YIR019C_mRNA	0.114082137594566	0.442584671684767	0.294862313597253	0.186608962972488	5.12557537006837	0.0290674600937111	0.00577695742821453	0.0124440793597734	0.0232421301231749	0.0232421301231749
YKL091C_mRNA	0.595439781954959	0.864609282571537	-0.114738912268147	0.216093148150579	6.09259896928673	0.0333250021164983	0.00215958265195272	0.0367539579127373	0.0167207586031521	0.0367539579127373
