target_id	pval	qval	b	se_b	mean_obs	var_obs	tech_var	sigma_sq	smooth_sigma_sq	final_sigma_sq
YAL020C_mRNA	0.361401656869897	0.579154705646397	0.247046015796476	0.27067677366504	6.32509858741761	0.106228619138332	0.00190196700097435	0.107996906701599	0.0127633621208447	0.107996906701599
YGL075C_mRNA	0.496693695000117	0.698800231720472	0.102475810951336	0.150765976966107	4.6949980366369	0.00942037510254591	0.0103736775635895	-0.00253619312170728	0.0237218921522274	0.0237218921522274
YOR083W_mRNA	0.0554132952265963	0.172891956296047	-0.284784363141188	0.148664215873885	5.06751447043259	0.0508518989445964	0.00615797130737867	0.0269936023147171	0.0192640763504215	0.0269936023147171
